recall target,fraud caught,alerts,precision,alert rate,cutoff score,mcc
10%,25,26,0.9615384615384616,0.00014758053072229317,0.99999833,0.3098719978103628
20%,50,52,0.9615384615384616,0.00029516106144458635,0.99999404,0.43825752700920456
30%,75,81,0.9259259259259259,0.0004597701149425287,0.9999759,0.5267334205602144
40%,100,106,0.9433962264150944,0.0006016744714062722,0.9999453,0.6139915057917761
50%,125,131,0.9541984732824428,0.0007435788278700157,0.9998635,0.690443113236943
60%,150,159,0.9433962264150944,0.0009025117071094083,0.9991554,0.752096153688279
70%,175,199,0.8793969849246231,0.0011295586774513978,0.9662888,0.7843211348414094
80%,200,550,0.36363636363636365,0.0031218958422023556,0.006167466,0.5384779016073499
90%,225,22002,0.010226343059721843,0.12488718603661132,1.539293e-05,0.08838532830523399
100%,250,148647,0.0016818368349176237,0.8437462750106428,4.523999e-07,0.016222413979244343
