where,metric,ci_lower,ci_upper,verdict
pooled,low_recall,-0.01560905079823468,0.028110744368900546,not proven
pooled,average_precision,-0.002345799349789987,0.017533491553510368,not proven
round 1,low_recall,-2.220446049250313e-16,2.220446049250313e-16,not proven
round 1,average_precision,0.00013425625168628786,0.024048818550036714,with genuinely better
round 2,low_recall,-0.006958753052503027,0.0996623664583754,not proven
round 2,average_precision,-0.004109145253578553,0.032852221020482394,not proven
round 3,low_recall,-0.028522114108801577,2.220446049250313e-16,not proven
round 3,average_precision,-0.013552724176959357,0.02565778692160263,not proven
round 4,low_recall,-2.220446049250313e-16,2.220446049250313e-16,not proven
round 4,average_precision,-0.010883476268415678,0.020835447846701233,not proven
