round,technique,low_recall_aucpr,average_precision,seconds
1,SMOTE,0.8268303480536101,0.5708952867141344,0.43629980087280273
1,Borderline-SMOTE,1.0,0.5083634131285222,0.31696462631225586
1,ADASYN,0.6706748649631424,0.4539546261320811,0.5230472087860107
1,class weighting,0.8292353504586125,0.589634754813054,0.18108105659484863
2,SMOTE,0.8636912604303909,0.5848381597967047,0.9828085899353027
2,Borderline-SMOTE,0.9980237154150198,0.5826088788809445,0.6503078937530518
2,ADASYN,0.6881650957737914,0.514374206839896,1.1511874198913574
2,class weighting,0.8854303908651734,0.5822610444750879,0.34081101417541504
3,SMOTE,1.0,0.8402030554530284,1.0925874710083008
3,Borderline-SMOTE,1.0,0.72527496688966,1.034050703048706
3,ADASYN,0.918918918918919,0.7861092576375008,1.3359863758087158
3,class weighting,1.0,0.8413153835415702,0.46991467475891113
4,SMOTE,0.9999999999999999,0.7816673479025187,1.3768270015716553
4,Borderline-SMOTE,0.9999999999999999,0.5356593778462189,1.2593390941619873
4,ADASYN,1.0,0.7637122447267081,1.7011158466339111
4,class weighting,1.0,0.782076721551685,0.5490989685058594
