model,round,check_fraud,low_recall_aucpr,average_precision,learning_steps
Logistic Regression,1,66,0.8292353504586125,0.589634754813054,69
Logistic Regression,2,46,0.8854303908651734,0.5822610444750879,59
Logistic Regression,3,88,1.0,0.8413153835415702,45
Logistic Regression,4,50,1.0,0.782076721551685,40
Random Forest,1,66,0.9999999999999998,0.8056943891743914,
Random Forest,2,46,0.8917984189723321,0.6724054920694392,
Random Forest,3,88,0.9604331357048749,0.7877889142923298,
Random Forest,4,50,0.9916666666666666,0.7481855949381273,
XGBoost,1,66,0.9999999999999998,0.7880915855376973,
XGBoost,2,46,0.9192468159859463,0.6744937501454801,
XGBoost,3,88,0.9999999999999999,0.7850538527209745,
XGBoost,4,50,0.9999999999999999,0.7811264727328668,
