hour,transactions,fraud,fraud rate,genuine average raw score
0,3931,2,0.0005087763927753752,-13.740318
1,2213,2,0.0009037505648441031,-13.594056
2,1573,21,0.013350286077558804,-13.2789345
3,1818,13,0.007150715071507151,-13.493482
4,1082,6,0.005545286506469501,-13.084323
5,1679,11,0.006551518761167362,-13.377661
6,1822,3,0.001646542261251372,-13.281057
7,3366,23,0.006833036244800951,-13.843734
8,5148,5,0.0009712509712509713,-13.7508
9,7841,15,0.0019130212983037877,-13.778879
10,8246,2,0.00024254183846713557,-13.752724
11,8474,43,0.005074345055463772,-13.77408
12,7703,9,0.0011683759574191873,-13.765903
13,7565,9,0.0011896893588896232,-13.757519
14,8012,13,0.0016225661507738391,-13.78114
15,7807,14,0.0017932624567695659,-13.83847
16,7770,14,0.0018018018018018018,-13.80865
17,7874,12,0.001524003048006096,-13.812249
18,8548,10,0.001169864295741694,-13.87264
19,7945,7,0.000881057268722467,-13.874935
20,8946,8,0.000894254415381176,-13.891468
21,9875,14,0.0014177215189873419,-13.872375
22,8943,3,0.0003354579000335458,-13.792573
23,6055,13,0.0021469859620148637,-13.785035
24,3716,4,0.001076426264800861,-13.875419
25,1995,8,0.0040100250626566416,-13.184069
26,1735,27,0.015561959654178675,-13.324231
27,1669,4,0.002396644697423607,-13.483853
28,1122,17,0.015151515151515152,-13.217085
29,1309,0,0.0,-13.48305
30,2260,6,0.002654867256637168,-13.405524
31,3867,0,0.0,-13.61864
32,5084,4,0.0007867820613690008,-13.84025
33,7926,1,0.00012616704516780217,-13.787009
34,8302,6,0.0007227174174897615,-13.800656
35,8307,10,0.001203804020705429,-13.755546
36,7675,8,0.001042345276872964,-13.787615
37,7758,8,0.0010311936065996391,-13.794602
38,8508,10,0.0011753643629525152,-13.843066
39,8567,12,0.0014007237072487452,-13.889458
40,2944,2,0.0006793478260869565,-13.89253
