feature,mean_abs_shap,mean_abs_shap_fraud,share_of_total,rank_fraud_rows
V14,2.4618437,6.665404,0.16042201,1
V4,1.489602,1.3791853,0.097067475,3
V12,1.4521112,0.99081933,0.09462445,4
V10,0.7450569,2.1462426,0.048550416,2
V11,0.65530163,0.37077022,0.042701658,12
Amount,0.61004627,0.5743058,0.039752666,9
V16,0.60956204,0.4926038,0.039721113,11
V3,0.59134287,0.7055593,0.03853389,7
V8,0.5548056,0.8241617,0.036152996,5
V1,0.4162656,0.14544132,0.027125267,29
V5,0.4081974,0.31462356,0.026599515,14
V19,0.39981177,0.2383929,0.02605308,21
V28,0.3520039,0.49470884,0.022937758,10
V7,0.34873572,0.70585185,0.022724792,6
V17,0.33672953,0.59292346,0.02194243,8
V21,0.32245916,0.21959925,0.021012524,24
V25,0.31209123,0.24402988,0.020336915,20
V22,0.30820778,0.30660075,0.020083856,15
V26,0.30710185,0.3572349,0.020011788,13
V2,0.30403128,0.25590497,0.019811701,19
V20,0.29809338,0.27196032,0.019424766,17
V24,0.2944821,0.21960585,0.019189445,23
V15,0.28829423,0.18957339,0.018786222,25
V18,0.27985802,0.15053129,0.01823649,28
V13,0.2733394,0.27002648,0.017811714,18
V6,0.25326243,0.15893215,0.01650343,27
V23,0.24582812,0.17760037,0.016018987,26
V9,0.21459374,0.23606285,0.01398365,22
V27,0.21298797,0.2754739,0.013879012,16
